part,description,shape,color,coating,mfg
1-0025-0001,Toroidal Blank Visor Clr Sm/Md #104,#104 Toroidal Blank,Clr,AF,MXL VV20294
1-0025-5001,Toroidal Blank Visor Sm/Md #104,#104 Toroidal Blank,Clr,AF,Revision VI20197
1-0025-5002,Toroidal Blank Visor Sm/Md HC/AF,Revision,Clr,AF,Revision VI20197
1-0026-0001,Toroidal Blank Visor Clr Lg/Xlg #109,#109 Toroidal Blank,Clr,AF,MXL VV20294
1-0026-5001,Toroidal Blank Visor Lg/XL #109,#109 Toroidal Blank,Clr,HC,Revision VI20197
1-0026-5002,Toroidal Blank Visor Lg/XL #109,#109 Toroidal Blank,Clr,AF,Revision VI20197
1-0026-5002,Toroidal Blank Visor 109 Clr HC/AF,Blank Visor,Clr,AF,Revision VI20198
1-0078-0001,SF Lens Clr SC Lg,Saw Fly,Clr,HC,Jiann Lih VV21234
1-0078-0002,SF Lens Smk SC Lg,Saw Fly,Smk,HC,Jiann Lih VV21234
1-0078-0003,SF Lens Yel SC Lg,Saw Fly,Yel,HC,Jiann Lih VV21234
1-0078-0004,SF Lens Amber SC Lg,Saw Fly,Amber,HC,Jiann Lih VV21234
1-0078-0005,SF Lens Plzd SC Lg,Saw Fly,PLZD,HC,Jiann Lih VV21234
1-0078-0005,SF Lens Plzd SC Lg,Saw Fly,PLZD,HC,Jiann Lih VV21234
1-0078-0006,SF Lens Clr SC AF Lg,Saw Fly,Clr,AF,Jiann Lih VV21234
1-0078-0007,SF Lens Smk SC AF Lg,Saw Fly,Smk,AF,Jiann Lih VV21234
1-0078-0008,SF Lens Yel SC AF Lg,Saw Fly,Yel,AF,Jiann Lih VV21234
1-0078-0009,SF Lens SC Lg Clr AF/AR,Saw Fly,Clr,AF,Jiann Lih VV21234
1-0078-0010,SF Lens SC Lg Smk AF/AR,Saw Fly,Smk,AF,Jiann Lih VV21234
1-0078-0011,SF Lens SC Lg Yel AF/AR,Saw Fly,Yel,AF,Jiann Lih VV21234
1-0078-0012,SF Lens NG SC Lg,Saw Fly,NG,HC,Jiann Lih VV21234
1-0078-0013,SF Lens Ver SC Lg,Saw Fly,Ver,HC,Jiann Lih VV21234
1-0078-0014,SF-PHC Lens Clr SC Lg,Saw Fly,PHC,HC,Jiann Lih VV21234
1-0078-0015,SF Lens Clr SC Gel HC Lg,Saw Fly,Clr,HC,Jiann Lih VV21234
1-0078-0016,SF Lens NG SC Gel HC Lg,Saw Fly,NG,HC,Jiann Lih VV21234
1-0078-0017,SF Lens Smk SC Gel HC Lg,Saw Fly,Smk,HC,Jiann Lih VV21234
1-0078-0018,SF Lens Yel SC Gel HC Lg,Saw Fly,Yel,HC,Jiann Lih VV21234
1-0078-0019,SF Lens Ver SC Gel HC Lg,Saw Fly,Ver,HC,Jiann Lih VV21234
1-0078-0100,SF Lens Clr SC Lg Nomk,Saw Fly,Clr,HC,Jiann Lih VV21234
1-0078-0200,SF Lens Smk SC Lg Nomk,Saw Fly,Smk,HC,Jiann Lih VV21234
1-0078-0300,SF Lens Ver SC Lg Nomk,Saw Fly,Ver,HC,Jiann Lih VV21234
1-0078-0302,SF Lens Ver SC Lg DND,Saw Fly,Ver,HC,Jiann Lih VV21234
1-0079-0001,SF Lens Clr SC Rg,Saw Fly,Clr,HC,Jiann Lih VV21234
1-0079-0002,SF Lens Smk SC Rg,Saw Fly,Smk,HC,Jiann Lih VV21234
1-0079-0003,SF Lens Yel SC Rg,Saw Fly,Yel,HC,Jiann Lih VV21234
1-0079-0004,SF Lens Amber SC Rg,Saw Fly,Amber,HC,Jiann Lih VV21234
1-0079-0005,SF Lens Plzd SC Rg,Saw Fly,PLZD,HC,Jiann Lih VV21234
1-0079-0006,SF Lens Clr SC AF Rg,Saw Fly,Clr,AF,Jiann Lih VV21234
1-0079-0007,SF Lens Smk SC AF Rg,Saw Fly,Smk,AF,Jiann Lih VV21234
1-0079-0008,SF Lens Yel SC AF Rg,Saw Fly,Yel,AF,Jiann Lih VV21234
1-0079-0009,SF Lens SC Rg Clr AF/AR,Saw Fly,Clr,AF,Jiann Lih VV21234
1-0079-0010,SF Lens SC Rg Smk AF/AR,Saw Fly,Smk,AF,Jiann Lih VV21234
1-0079-0011,SF Lens SC Rg Yel AF/AR,Saw Fly,Yel,AF,Jiann Lih VV21234
1-0079-0012,SF Lens NG SC Rg,Saw Fly,NG,HC,Jiann Lih VV21234
1-0079-0013,SF Lens Ver SC Rg,Saw Fly,Ver,HC,Jiann Lih VV21234
1-0079-0017,SF PHC Lens Clr SC Rg,Saw Fly,Clr,HC,Jiann Lih VV21234
1-0079-0019,SF Lens Clr SC Gel HC Rg,Saw Fly,Clr,HC,Jiann Lih VV21234
1-0079-0020,SF Lens NG SC Gel HC Rg,Saw Fly,NG,HC,Jiann Lih VV21234
1-0079-0021,SF Lens Smk SC Gel HC Rg,Saw Fly,Smk,HC,Jiann Lih VV21234
1-0079-0022,SF Lens Yel SC Gel HC Rg,Saw Fly,Yel,HC,Jiann Lih VV21234
1-0079-0023,SF Lens Ver SC Gel HC Rg,Saw Fly,Ver,HC,Jiann Lih VV21234
1-0079-0100,SF Lens Clr SC Rg Nomk,Saw Fly,Clr,HC,Jiann Lih VV21234
1-0079-0101,SF Lens Clr SC Rg ANSI,Saw Fly,Clr,HC,Jiann Lih VV21234
1-0079-0200,SF Lens Smk SC Rg Nomk,Saw Fly,Smk,HC,Jiann Lih VV21234
1-0079-0300,SF Lens Ver SC Rg Nomk,Saw Fly,Ver,HC,Jiann Lih VV21234
1-0079-0302,SF Lens Ver SC Rg DND,Saw Fly,Ver,HC,Jiann Lih VV21234
1-0079-0601,SF Lens Plzd SC Rg ANSI,Saw Fly,PLZD,HC,Jiann Lih VV21234
1-0135-0100,Base 5.5 Cyl Blank PHC AF,Base 5.5,PHC,AF,Darwin VV20747
1-0155-0000,PHX Face Shield,PHX Face Shield,Clr,AF,Taroko VV21312
1-0230-0001,Base 6 Polarized Blank,Base 6.0,PLZD,AF,Claxxon VV20580
1-0262-5001,SF Lens Clr ANSI HC Rg,SF MTS Rg,Clr,HC,Revision VI20197
1-0262-5004,SF Lens Smk ANSI HC Rg,SF MTS Rg,Smk,HC,Revision VI20197
1-0262-5009,SF Lens Yel ANSI HC Rg,SF MTS Rg,Yel,HC,Revision VI20197
1-0262-5010,SF Lens Ver ANSI HC Rg,SF MTS Rg,Ver,HC,Revision VI20197
1-0262-5011,SF Lsr Lens E2-5 ANSI HC Rg,SF MTS Rg,E2-5,HC,Revision VI20197
1-0262-5024,SF Lens 30-Mocha ANSI HC Rg,SF MTS Rg,Mocha,HC,Revision VI20197
1-0262-5025,SF Lens Clr ANSI HC Rg MM,SF MTS Rg,Clr,HC,Revision VI20197
1-0262-5026,SF Lens Smk ANSI HC Rg MM,SF MTS Rg,Smk,HC,Revision VI20197
1-0262-5027,SF Lens Ver ANSI HC Rg MM,SF MTS Rg,Ver,HC,Revision VI20197
1-0262-5028,SF Lens 30-Mocha ANSI HC Rg MM,SF MTS Rg,Mocha,HC,Revision VI20197
1-0262-9001,SF Lens Clr ANSI HC Rg,SF MTS Rg,Clr,HC,Revision VI20197
1-0262-9002,SF Lens Smk ANSI HC Rg,SF MTS Rg,Smk,HC,Revision VI20197
1-0262-9003,SF Lens Yel ANSI HC Rg,SF MTS Rg,Yel,HC,Revision VI20197
1-0263-5001,SF Lens Clr ANSI HC Lg,SF MTS Lg,Clr,HC,Revision VI20197
1-0263-5004,SF Lens Smk ANSI HC Lg,SF MTS Lg,Smk,HC,Revision VI20197
1-0263-5007,SF Lens Yel ANSI HC Lg,SF MTS Lg,Yel,HC,Revision VI20197
1-0263-5008,SF Lens Ver ANSI HC Lg,SF MTS Lg,Ver,HC,Revision VI20197
1-0263-5009,SF Lsr Lens E2-5 ANSI HC Lg,SF MTS Lg,E2-5,HC,Revision VI20197
1-0263-5024,SF Lens 30-Mocha ANSI HC Lg,SF MTS Lg,Mocha,HC,Revision VI20197
1-0263-5025,SF Lens Clr ANSI HC Lg MM,SF MTS Lg,Clr,HC,Revision VI20197
1-0263-5026,SF Lens Smk ANSI HC Lg MM,SF MTS Lg,Smk,HC,Revision VI20197
1-0263-5027,SF Lens Ver ANSI HC Lg MM,SF MTS Lg,Ver,HC,Revision VI20197
1-0263-5028,SF Lens 30-Mocha ANSI HC Lg MM,SF MTS Lg,Mocha,HC,Revision VI20197
1-0263-9001,SF Lens Clr ANSI HC Lg,SF MTS Lg,Clr,HC,Revision VI20197
1-0263-9002,SF Lens Smk ANSI HC Lg,SF MTS Lg,Smk,HC,Revision VI20197
1-0263-9003,SF Lens Yel ANSI HC Lg,SF MTS Lg,Yel,HC,Revision VI20197
1-0600-5001,AB Outsert Lens Smk HC S/M,Air Boss Outsert,Clr,HC,Revision VI20197
1-0600-5001,AB Outsert Lens Smk HC S/M,AB Outsert,Smk,HC,Revision VI20197
1-0600-5002,AB Outsert Lens Yel HC S/M,AB Outsert,Yel,HC,Revision VI20197
1-0601-5001,AB Outsert Lens Smk HC L/XL,AB Outsert,Smk,HC,Revision VI20197
1-0601-5002,AB Outsert Lens Yel HC L/XL,AB Outsert,Yel,HC,Revision VI20197
1-0601-5003,AB Outsert Lens Vital HC L/XL,AB Outsert,V6-10,HC,Revision VI20197
1-0714-0100,Base 5.5 Cyl Blank Clr AF ( Obsolete),Base 5.5,Clr,AF,Revision VI20197
1-0714-5001,Base 5.5 Cyl Blank Clr AF ( FSI Visgard AF),Base 5.5,Clr,AF,Revision VI20197
1-0714-5002,Base 5.5 Cyl Blank Smk AF,Base 5.5,Smk,AF,Revision VI20197
1-0714-5003,Base 5.5 Cyl Blank Yel AF,Base 5.5,Yel,AF,Revision VI20197
1-0714-5004,Base 5.5 Cyl Blank FT-2 AF,Base 5.5,FT-2,AF,Revision VI20197
1-0714-5011,Base 5.5 Cyl Blank NG AF,Base 5.5,NG,AF,Revision VI20197
1-0714-5014,Base 5.5 Cyl Blank Ver AF,Base 5.5,Ver,AF,Revision VI20197
1-0714-5017,Base 5.5 Cyl Blank E2-5 Lsr AF (obsolete),Base 5.5,E2-5,AF,Revision VI20197
1-0714-5022,Base 5.5 Cyl Blank Clr Gel AF,Base 5.5,Clr,AF,Revision VI20197
1-0714-5023,Base 5.5 Cyl Blank Ver Gel AF,Base 5.5,Ver,AF,Revision VI20197
1-0714-5024,Base 5.5 Cyl Blank NG Gel AF,Base 5.5,NG,AF,Revision VI20197
1-0714-5028,Base 5.5 Cyl Blank Clr AF Int'l,Base 5.5,CLR UV400,AF,Revision VI20197
1-0714-5029,Base 5.5 Cyl Blank Clr AF US,Base 5.5,CLR UV380,AF,Revision VI20197
1-0714-5030,Base 5.5 Cyl Blank E2-5 AF (Visgard Plus AF),Base 5.5,E2-5,AF,Revision VI20197
1-0714-5031,Base 5.5 Cyl Blank VER AF,Base 5.5,Ver,AF,Revision VI20197
1-0714-5032,Base 5.5 Cyl Blank YEL AF,Base 5.5,Yel,AF,Revision VI20197
1-0714-5032,Base 5.5 Cyl Blank YEL AF,Base 5.5,Yel,AF,Revision VI20198
1-0714-5033,Base 5.5 Cyl Blank Smk AF,Base 5.5,Smk,AF,Revision VI20197
1-0714-5034,Base 5.5 Cyl Blank NG AF,Base 5.5,NG,AF,Revision VI20197
1-0714-5037,Base 5.5 Cyl Blank Smk AF Intl,Base 5.5,Smk Int,AF,Revision VI20197
1-0714-5038,Base 5.5 Blank V6-10 AF,Base 5.5,V6-10,AF,Revision VI20198
1-0714-5040,Base 5.5 Cyl Blank Smk AF Carbon Black,Revision,CB Smk,AF,Revision VI20197
1-0715-0004,SF Lens Ver Max Nomk Lg,SF Max Lg,Ver,AF,-
1-0715-0005,SF Lens Clr Max EN Lg,SF Max Lg,Clr,AF,Foresight VV20575
1-0715-0006,SF Lens NG Max EN Lg,SF Max Lg,NG,AF,Foresight VV20575
1-0715-0007,SF Lens Yel Max EN Lg,SF Max Lg,Yel,AF,Foresight VV20575
1-0715-0008,SF Lens Ver Max EN Lg,SF Max Lg,Ver,AF,Foresight VV20575
1-0715-0009,SF Lens Clr Max EN AF Lg,SF Max Lg,Clr,AF,-
1-0715-0010,SF Lens NG Max EN AF Lg,SF Max Lg,NG,AF,-
1-0715-0011,SF Lens Yel Max EN AF Lg,SF Max Lg,Yel,AF,-
1-0715-0016,SF Lens Clr Max Gel HC Lg,SF Max Lg,Clr,HC,-
1-0715-0017,SF Lens NG Max Gel HC Lg,SF Max Lg,NG,HC,-
1-0715-0018,SF Lens Smk Max Gel HC Lg,SF Max Lg,Smk,HC,-
1-0715-0019,SF Lens Yel Max Gel HC Lg,SF Max Lg,Yel,HC,-
1-0715-0020,SF Lens Ver Max Gel HC Lg,SF Max Lg,Ver,HC,-
1-0715-0021,SF Lens Smk Max EN Lg,SF Max Lg,Smk,AF,-
1-0715-0022,SF Lens Smk Max EN AF Lg,SF Max Lg,Smk,AF,-
1-0715-0023,SF Lens Clr Max EN Lg DE,SF Max Lg,Clr,AF,Foresight VV20575
1-0715-0024,SF Lens NG Max EN Lg DE,SF Max Lg,NG,AF,Foresight VV20575
1-0715-0025,SF Lens Ver Max EN Lg DE,SF Max Lg,Ver,AF,Foresight VV20575
1-0715-0026,SF Lens Clr Max Nomk Lg,SF Max Lg,Clr,AF,-
1-0715-0027,SF Lens Smk Max Nomk Lg,SF Max Lg,Smk,AF,-
1-0715-0028,SF Lens Yel Max EN Lg DE,SF Max Lg,Yel,AF,-
1-0715-0033,SF Lens Clr Max EN HC2/NK50 Lg DE,SF Max Lg,Clr,AF,Taroko VV21312
1-0715-0034,SF Lens NG Max EN HC2/NK50 Lg DE,SF Max Lg,NG,AF,Taroko VV21312
1-0715-0035,SF Lens Yel Max EN HC2/NK50 Lg DE,SF Max Lg,Yel,AF,Taroko VV21312
1-0715-0036,SF Lens Ver Max EN HC2/NK50 Lg DE,SF Max Lg,Ver,AF,Taroko VV21312
1-0715-0037,SF Lens Smk Max EN HC2/NK50 Lg DE,SF Max Lg,Smk,AF,Taroko VV21312
1-0715-0039,SF Lens LT-Ver Max EN AF Lg,SF Max Lg,Ver,AF,-
1-0715-0041,SF Lens Clr Max AF Lg CH,SF Max Lg CH,Clr,AF,Taroko VV21312
1-0715-0044,SF Lens Smk Max AF Lg Nomk,SF Max Lg,Smk,AF,Taroko VV21312
1-0715-0100,SF Lens Clr Max AF Lg Nomk,SF Max Lg,Clr,AF,Taroko VV21312
1-0715-0101,SF Lens Int'l Clr Max AF Lg Nomk,SF Max Lg,Clr Int'l,AF,Taroko VV21312
1-0715-5001,SF Lsr Lens FT-2 Max HC Lg,SF Max Lg,FT-2,HC,-
1-0715-5003,SF Lsr Lens E2-5 UVS Max HC Lg DE,SF Max Lg,E2-5,HC,-
1-0715-5011,SF Lens Max Clr EN AF Lg DE,SF Max Lg,Clr,AF,-
1-0715-5013,SF Lens Max Ver EN AF Lg DE,SF Max Lg,Ver,AF,-
1-0715-5015,SF Lens Max Smk EN AF Lg DE,SF Max Lg,Smk,AF,-
1-0715-5016,SF Lens Ver Max EN AF Lg,SF Max Lg,Ver,AF,-
1-0715-5029,SF Lsr Lens  C5-6-10 Max EN AF Lg,SF Max Lg,C5-6-10,AF,-
1-0715-5043,SF Lens Clr Max EN HC Lg DE,SF Max Lg,Clr,HC,-
1-0715-5047,SF Lens Smk Max EN Gel AF Lg DE,SF Max Lg,Smk,AF,-
1-0715-5051,SF Lsr Lens E2-5 UVS Max EN AF Lg DE,SF Max Lg,E2-5,AF,-
1-0715-5051,SF Lsr Lens E2-5 UVS Max EN AF Lg DE,SF Max Lg,E2-5,AF,-
1-0715-5201,SF Lens Smk Max AF Lg CH,SF Max Lg,Smk,AF,-
1-0716-0005,SF Lens Clr Max EN Rg,SF Max Rg,Clr,HC,Foresight VV20575
1-0716-0006,SF Lens NG Max EN Rg,SF Max Rg,NG,HC,Foresight VV20575
1-0716-0007,SF Lens Yel Max EN Rg,SF Max Rg,Yel,HC,Foresight VV20575
1-0716-0008,SF Lens Ver Max EN Rg,SF Max Rg,Ver,HC,Foresight VV20575
1-0716-0009,SF Lens Clr Max EN AF Rg,SF Max Rg,Clr,AF,-
1-0716-0010,SF Lens NG Max EN AF Rg,SF Max Rg,NG,AF,-
1-0716-0011,SF Lens Yel Max EN AF Rg,SF Max Rg,Yel,AF,-
1-0716-0016,SF Lens Clr Max Gel HC Rg,SF Max Rg,Clr,HC,-
1-0716-0017,SF Lens NG Max Gel HC Rg,SF Max Rg,NG,HC,-
1-0716-0018,SF Lens Smk Max Gel HC Rg,SF Max Rg,Smk,HC,-
1-0716-0019,SF Lens Yel Max Gel HC Rg,SF Max Rg,Yel,HC,-
1-0716-0020,SF Lens Ver Max Gel HC Rg,SF Max Rg,Ver,HC,-
1-0716-0021,SF Lens Smk Max EN Rg,SF Max Rg,Smk,AF,-
1-0716-0022,SF Lens Smk Max EN AF Rg,SF Max Rg,Smk,AF,-
1-0716-0023,SF Lens Clr Max EN Rg DE,SF Max Rg,Clr,AF,Foresight VV20575
1-0716-0024,SF Lens NG Max EN Rg DE,SF Max Rg,NG,AF,Foresight VV20575
1-0716-0025,SF Lens Ver Max EN Rg DE,SF Max Rg,Ver,AF,Foresight VV20575
1-0716-0026,SF Lens Clr Max Nomk Rg,SF Max Rg,Clr,AF,-
1-0716-0027,SF Lens Smk Max Nomk Rg,SF Max Rg,Smk,AF,-
1-0716-0027,SF Lens Smk Max Nomk Rg,SF Max  Rg,Smk,AF,Taroko VV21312
1-0716-0028,SF Lens Yel Max EN Rg DE,SF Max Rg,Yel,AF,-
1-0716-0033,SF Lens Clr Max EN HC2/NK50 Rg DE,SF Max Rg,Clr,AF,Taroko VV21312
1-0716-0034,SF Lens NG Max EN HC2/NK50 Rg DE,SF Max Rg,NG,AF,Taroko VV21312
1-0716-0035,SF Lens Yel Max EN HC2/NK50 Rg DE,SF Max Rg,Yel,AF,Taroko VV21312
1-0716-0036,SF Lens Ver Max EN HC2/NK50 Rg DE,SF Max Rg,Ver,AF,Taroko VV21312
1-0716-0037,SF Lens Smk Max EN HC2/NK50 Rg DE,SF Max Rg,Smk,AF,Taroko VV21312
1-0716-0039,SF Lens LT-Ver Max EN AF Rg,SF Max Rg,Ver,AF,-
1-0716-0041,SF Lens Clr Max AF Rg CH,SF Max Rg,Clr,AF,Taroko VV21312
1-0716-0100,SF Lens Clr Max AF Rg Nomk,SF Max Rg,Clr,AF,Taroko VV21312
1-0716-0101,SF Lens Int'l Clr Max AF Rg Nomk,SF Max Rg,Clr Int'l,AF,Taroko VV21312
1-0716-5001,SF Lens Max FT-2 EN HC Rg,SF Max Rg,FT-2,HC,-
1-0716-5003,SF Lsr Lens E2-5 UVS Max HC Rg DE,SF Max Rg,E2-5,HC,-
1-0716-5007,SF Lens Yel Max Nomk AF Rg,SF Max Rg,Yel,AF,-
1-0716-5009,SF Lens Clr Max EN AF Rg DE,SF Max Rg,Clr,AF,-
1-0716-5011,SF Lens Ver Max EN AF Rg DE,SF Max Rg,Ver,AF,-
1-0716-5018,SF Lens Smk Max EN AF Rg DE,SF Max Rg,Smk,AF,-
1-0716-5029,SF Lsr Lens C5-6-10 Max EN AF Rg,SF Max Rg,C5-6-10,AF,-
1-0716-5043,SF Lens Clr Max EN HC Rg DE,SF Max Rg,Clr,HC,-
1-0716-5047,SF Lens Smk Max EN Gel AF Rg DE,SF Max Rg,Smk,AF,-
1-0716-5051,SF Lsr Lens E2-5 UVS Max EN AF Rg DE,SF Max Rg,E2-5,AF,-
1-0716-5102,SF Lens Clr Max AF Rg,SF Max Rg,Clr,AF,-
1-0716-5401,SF Lens Ver Max AF Rg CH,SF Max Rg,Ver,AF,-
1-0725-0100,Base 6 Sphr Blank PHC,Base 6.0,PHC,AF,Darwin VV20747
1-0725-5001,Base 6 Sphr Blank Clr HC,Base 6.0,Clr,HC,Revision VI20197
1-0725-5002,Base 6 Sphr Blank Smk HC,Base 6.0,Smk,HC,Revision VI20197
1-0725-5003,Base 6 Sphr Blank Yel HC (obsolete),Base 6.0,Yel,HC,Revision VI20197
1-0725-5004,Base 6 Sphr Blank FT-2 Lsr HC,Base 6.0,FT-2,HC,Revision VI20197
1-0725-5009,Base 6 Sphr Blank NG HC,Base 6.0,NG,HC,Revision VI20197
1-0725-5011,Base 6 Sphr Blank E2-5 Lsr HC DND,Base 6.0,E2-5,HC,Revision VI20197
1-0725-5019,Base 6 Sphr Blank Clr AF,Base 6.0,Clr,AF,Revision VI20197
1-0725-5021,Base 6 Sphr Blank Smk AF,Base 6.0,Smk,AF,Revision VI20197
1-0725-5023,Base 6 Sphr Blank NG AF,Base 6.0,NG,AF,Revision VI20197
1-0725-5025,Base 6 Sphr Blank Yel AF,Base 6.0,Yel,AF,Revision VI20197
1-0725-5025,Base 6 Sphr Blank Yel AF,Base 6.0,Yel,AF,Revision VI20197
1-0725-5027,Base 6 Sphr Blank Ver AF ( old AF ),Base 6.0,Ver,AF,Revision VI20197
1-0725-5032,Base 6 Sphr Blank T64 Lsr HC,Base 6.0,T64,HC,Revision VI20197
1-0725-5036,Base 6 Sphr Blank Ver HC,Base 6.0,Ver,HC,Revision VI20197
1-0725-5037,Base 6 Sphr Blank E2-5 Lsr AF,Base 6.0,E2-5,AF,Revision VI20197
1-0725-5038,Base 6 Sphr Blank FT-2 Lsr AF,Base 6.0,FT-2,AF,Revision VI20197
1-0725-5040,Base 6 Sphr Blank C5-6-10 Lsr HC,Base 6.0,C5-6-10,HC,Revision VI20197
1-0725-5043,Base 6 Sphr Blank Clr HC DND,Base 6.0,Clr,HC,Revision VI20197
1-0725-5044,Base 6 Sphr Blank Smk HC DND,Base 6.0,Smk,HC,Revision VI20197
1-0725-5045,Base 6 Sphr Blank Clr Gel AF,Base 6.0,Clr,AF,Revision VI20197
1-0725-5046,Base 6 Sphr Blank Smk Gel AF,Base 6.0,Smk,AF,Revision VI20197
1-0725-5047,Base 6 Sphr Blank NG Gel AF,Base 6.0,NG,AF,Revision VI20197
1-0725-5048,Base 6 Sphr Blank Yel Gel AF,Base 6.0,Yel,AF,Revision VI20197
1-0725-5049,Base 6 Sphr Blank Ver Gel AF,Base 6.0,Ver,AF,Revision VI20197
1-0725-5052,Base 6 Sphr Blank E2-5 Gel Lsr AF,Base 6.0,E2-5,AF,Revision VI20197
1-0725-5053,Base 6 Sphr Blank Sng HC,Base 6.0,Sng,HC,Revision VI20197
1-0725-5055,Base 6 Sphr Blank E2-5 UVS Lsr AF,Base 6.0,E2-5,AF,Revision VI20197
1-0725-5057,Base 6 Sphr Blank E2-5 UVS Lsr HC,Base 6.0,E2-5,HC,Revision VI20197
1-0725-5058,Base 6 Sphr Blank T64 Lsr HC,Base 6.0,T64,HC,Revision VI20197
1-0725-5060,Base 6 Sphr Blank Clr AF Int'l,Base 6.0,CLR UV400,AF,Revision VI20197
1-0725-5060,Base 6.0 Sphr Blank Int'l Clr ,Base 6.0,CLR UV380,AF,Revision VI20198
1-0725-5061,Base 6 Sphr Blank Clr AF US,Base 6.0,CLR UV380,AF,Revision VI20197
1-0725-5062,Base 6 Sphr Blank E25 AF,Base 6.0,E2-5,AF,Revision VI20197
1-0725-5063,Base 6 Sphr Blank NG AF,Base 6.0,NG,AF,Revision VI20197
1-0725-5064,Base 6 Sphr Blank Smk AF,Base 6.0,Smk,AF,Revision VI20197
1-0725-5065,Base 6 Sphr Blank Ver AF ( VPGG AF ),Base 6.0,Ver,AF,Revision VI20197
1-0725-5065,Base 6.0 Sphr Blank Ver UV400,base 6.0 ,Ver,AF,Revision VI20198
1-0725-5066,Base 6 Sphr Blank YEL AF,Base 6.0,Yel,AF,Revision VI20197
1-0725-5066,Base 6.0 Sphr Blank Yel ,Base 6.0,Yel,AF,Revision VI20198
1-0725-5068,Base 6 Sphr Blank C5-6-10 AF,Base 6.0,C5-6-10,AF,Revision VI20197
1-0725-5070,Base 6.0 Clr Int'l HC,Base 6.0,CLR UV400,HC,Revision VI20198
1-0725-5071,Base 6 Sphr Blank NG UV400 HC,Base 6.0,NG,HC,Revision VI20198
1-0725-5074,Base 6 Sphr Blank Yel UV400 HC (Current),Base 6.0,Yel,HC,Revision VI20198
1-0728-0001,Base 8 Darwin 85mm PHC Blank,Base 8.0,PHC,HC,Darwin VV20747
1-0732-0000,WS Rx Lens Int'l Clr ANSI-EN,WS Lens,CLR UV400,AF,Taroko VV21312
1-0732-0001,WS Rx Lens Smk ANSI-EN,WS Lens,Smk,AF,Taroko VV21312
1-0737-0000,TKO 7C 2.45 Clr  AF,7C/2.45,Clr,AF,Taroko VV21312
1-0737-0001,TKO 7C 2.45 Smk  AF,7C/2.45,Smk,AF,Taroko VV21312
1-0737-0100,TKO Sphr 7C/2.45 Blank Slvr Mirror AF,7C/2.45,Slvr Mir,AF,Taroko VV21312
1-0737-0101,TKO Sphr 7C/2.45 Blank Revo Mirror AF,7C/2.45,Revo Mir,AF,Taroko VV21312
1-0769-0103,DL Lens MLL Clr AF ANSI,DL Lens,Clr,AF,Taroko VV21312
1-0769-0103,DL Lens MLL Clr AF ANSI,DL Lens,Clr,AF,Taroko VV21312
1-0769-0203,DL Lens MLL Smk AF ANSI,DL Lens,Smk,AF,Taroko VV21312
1-0769-0403,DL Lens MLL Yel AF ANSI,DL Lens,Yel,AF,Taroko VV21312
1-0790-0001,SF Lens Clr Max Nomk Sm,Saw Fly Max Sm,Clr,HC,Taroko VV21312
1-0790-0041,SF Lens Clr Max AF Sm CH,Saw Fly Max Sm,Clr,AF,Taroko VV21312
1-0790-0043,SF Lens Ver Max AF Sm CH,Saw Fly Max Sm,Ver,AF,Taroko VV21312
1-0790-0100,SF Lens Clr Max EN HC2/NK50 Sm DE,SF Max Sm,Clr,AF,Taroko VV21312
1-0790-0100,SF Lens Clr Max EN HC2/NK50 Sm DE,Saw Fly Max Sm,Clr,AF,Taroko VV21312
1-0790-0101,SF Lens Clr Max EN AF Sm,Saw Fly Max Sm,Clr,AF,Taroko VV21312
1-0790-0200,SF Lens NG Max EN HC2/NK50 Sm DE,Saw Fly Max Sm,NG,AF,Taroko VV21312
1-0790-0201,SF Lens NG Max EN AF Sm,Saw Fly Max Sm,NG,AF,Taroko VV21312
1-0790-0300,SF Lens Yel Max EN HC2/NK50 Sm DE,Saw Fly Max Sm,Yel,AF,Taroko VV21312
1-0790-0301,SF Lens Yel Max EN AF Sm,Saw Fly Max Sm,Yel,AF,Taroko VV21312
1-0790-0400,SF Lens Ver Max EN HC2/NK50 Sm DE,Saw Fly Max Sm,Ver,AF,Taroko VV21312
1-0790-0404,SF Lens LT-Ver Max EN AF Sm,Saw Fly Max Sm,Ver,AF,Taroko VV21312
1-0790-0407,SF Lens Ver Max EN HC2/NK50 Sm,Saw Fly Max Sm,Ver,AF,Taroko VV21312
1-0790-0500,SF Lens Smk Max EN HC2/NK50 Sm DE,Saw Fly Max Sm,Smk,AF,Taroko VV21312
1-0790-0507,SF Lens Smk Max EN HC2/NK50 Sm,Saw Fly Max Sm,Smk,AF,Taroko VV21312
1-0790-5009,SF Lens Smk Max Nomk AF Sm,Saw Fly Max Sm,Smk,AF,Taroko VV21312
1-0790-5021,SF Lsr Lens E2-5 Max EN Gel AF Sm DE,Saw Fly Max Sm,E2-5,AF,Taroko VV21312
1-0790-5024,SF Lens Ver Max EN Gel AF Sm DE,Saw Fly Max Sm,Ver,AF,Taroko VV21312
1-0790-5025,SF Lens Clr Max Nomk Gel AF Sm,Saw Fly Max Sm,Clr,AF,Taroko VV21312
1-0790-5030,SF Lens Clr Max EN AF Sm DE,Saw Fly Max Sm,Clr,AF,Taroko VV21312
1-0790-5032,SF Lens Ver Max EN AF Sm DE,Saw Fly Max Sm,Ver,AF,Taroko VV21312
1-0790-5033,SF Lsr Lens E2-5 Max EN HC Sm DE,Saw Fly Max Sm,E2-5,HC,Taroko VV21312
1-0790-5034,SF Lens Clr Max EN Sm DE,Saw Fly Max Sm,Clr,HC,Taroko VV21312
1-0790-5035,SF Lens NG Max EN Sm DE,Saw Fly Max Sm,NG,HC,Taroko VV21312
1-0790-5045,SF Lens Clr Max EN HC Sm,Saw Fly Max Sm,Clr,HC,Taroko VV21312
1-0790-5046,SF Lens NG Max EN HC Sm,Saw Fly Max Sm,NG,HC,Taroko VV21312
1-0790-5047,SF Lens Smk Max EN EN HC Sm,Saw Fly Max Sm,Smk,HC,Taroko VV21312
1-0790-5048,SF Lens Ver Max EN HC Sm,Saw Fly Max Sm,Ver,HC,Taroko VV21312
1-0790-5053,SF Lens Smk Max EN Gel AF Sm DE,Saw Fly Max Sm,Smk,AF,Taroko VV21312
1-0790-5055,SF Lsr Lens E2-5 UVS Max EN AF Sm DE,Saw Fly Max Sm,E2-5,AF,Taroko VV21312
1-0790-5059,SF Lens Smk Max EN AF Sm DE,Saw Fly Max Sm,Smk,AF,Taroko VV21312
1-0790-5101,SF Lens Clr Max AF Sm CH,Saw Fly Max Sm,Clr,AF,Taroko VV21312
1-0790-5102,SF Lens Clr Max EN AF Sm,Saw Fly Max Sm,Clr,AF,Taroko VV21312
1-0790-5201,SF Lens Smk Max AF Sm CH,Saw Fly Max Sm,Smk,AF,Taroko VV21312
1-0790-5401,SF Lens Ver Max AF Sm CH,Saw Fly Max Sm,Ver,AF,Taroko VV21312
1-0868-0001,Base 6.8 Blank Clr Gel HC,Base 6.8,Clr,HC,Revision VI20197
1-0868-0002,Base 6.8 Blank Smk Gel HC,Base 6.8,Smk,HC,Revision VI20197
1-0868-0003,Base 6.8 Blank Yel Gel HC,Base 6.8,Yel,HC,Revision VI20197
1-0868-0004,Base 6.8 Blank Ver Gel HC,Base 6.8,Ver,HC,Revision VI20197
1-0868-0005,Base 6.8 Blank NG Gel HC,Base 6.8,NG,HC,Revision VI20197
1-0868-0006,Base 6.8 Blank Clr Gel-Vis AF,Base 6.8,Clr,AF,Revision VI20197
1-0868-0007,Base 6.8 Blank Smk Gel-Vis AF,Base 6.8,Smk,AF,Revision VI20197
1-0868-0100,Base 6.8 Blank PHC,Base 6.8,PHC,HC,Darwin VV20747
1-0868-5001,Base 6.8 Sphr Blank Clr HC,Base 6.8,Clr,HC,Revision VI20197
1-0868-5002,Base 6.8 Sphr Blank Smk HC,Base 6.8,Smk,HC,Revision VI20197
1-0868-5003,Base 6.8 Sphr Blank NG HC,Base 6.8,NG,HC,Revision VI20197
1-0868-5004,Base 6.8 Sphr Blank Yel HC,Base 6.8,Yel,HC,Revision VI20197
1-0868-5005,Base 6.8 Sphr Blank Ver HC,Base 6.8,Ver,HC,Revision VI20197
1-0868-5006,Base 6.8 Sphr Blank FT-2 Lsr HC,Base 6.8,FT-2,HC,Revision VI20197
1-0868-5007,Base 6.8 Sphr Blank Clr AF,Base 6.8,Clr,AF,Revision VI20197
1-0868-5008,Base 6.8 Sphr Blank Smk AF,Base 6.8,Smk,AF,Revision VI20197
1-0868-5009,Base 6.8 Sphr Blank NG AF,Base 6.8,NG,AF,Revision VI20197
1-0868-5010,Base 6.8 Sphr Blank Yel AF,Base 6.8,Yel,AF,Revision VI20197
1-0868-5011,Base 6.8 Sphr Blank Ver AF,Base 6.8,Ver,AF,Revision VI20197
1-0868-5016,Base 6.8 Sphr Blank E2-5 Gel Lsr AF,Base 6.8,E2-5,AF,Revision VI20197
1-0868-5018,Base 6.8 Sphr Blank E2-5 Lsr HC,Base 6.8,E2-5,HC,Revision VI20197
1-0868-5019,Base 6.8 Sphr Blank Clr Gel AF,Base 6.8,Clr,AF,Revision VI20197
1-0868-5020,Base 6.8 Sphr Blank NG Gel AF,Base 6.8,NG,AF,Revision VI20197
1-0868-5021,Base 6.8 Sphr Blank Ver Gel AF,Base 6.8,Ver,AF,Revision VI20197
1-0868-5023,Base 6.8 Sphr Blank Smk Gel AF,Base 6.8,Smk,AF,Revision VI20197
1-0868-5024,Base 6.8 Sphr Blank 30-Mocha HC,Base 6.8,Mocha,HC,Revision VI20197
1-0868-5026,Base 6.8 Sphr Blank E2-5 UVS Lsr AF,Base 6.8,E2-5,AF,Revision VI20197
1-0868-5033,Base 6.8 Sphr Blank C5-6-10 Lsr HC,Base 6.8,C5-6-10,HC,Revision VI20197
1-0868-5034,Base 6.8 Sphr Blank C5-6-10 Lsr AF,Base 6.8 ,C5-6-10,AF,Revision VI20198
1-0868-5036,Base 6.8 Sphr Blank NG UV400 HC,Base 6.8,NG,AF ,Revision VI20198
1-0868-5037,Base 6.8 Sphr Blank Clr UV400 HC,Base 6.8,CLR UV400,HC,Revision VI20198
1-0868-5038,Base 6.8 Sphr Blank NG UV400 HC,Base 6.8,NG,HC,Revision VI20197
1-0868-5039,Base 6.8 Sphr Blank Ver UV400 HC,Base 6.8,Ver,HC,Revision VI20197
1-0868-5040,Base 6.8 Sphr Blank Yel HC,Base 6.8,Yel,HC,Revision VI20198
1-0868-5041,Base 6.8 Sphr Blank E2-5 AF,Base 6.8,E2-5,AF,Revision VI20197
1-0868-5042,Base 6.8 Sphr Blank Clr Int'l AF,Base 6.8,CLR UV400,AF,Revision VI20197
1-0868-5043,Base 6.8 Sphr Blank Clr AF US,Base 6.8,CLR UV380,AF,Revision VI20197
1-0868-5044,Base 6.8 Sphr Blank Smk AF,Base 6.8,smk,AF,Revision VI20197
1-0868-5045,Base 6.8 Sphr Blank VER AF,Base 6.8,Ver,AF,Revision VI20197
1-0868-5046,Base 6.8 Sphr Blank YEL AF,Base 6.8,Yel,AF,Revision VI20197
1-0868-5046,Base 6.8 Sphr Blank Yel UV400,Base 6.8,Yel,AF,Revision VI20198
1-0868-5047,Base 6.8 Sphr Blank NG AF,Base 6.8,NG,AF,Revision VI20197
1-0868-5048,Base 6.8 Sphr Blank Yel AF,Base 6.8,Yel,AF,Revision VI20197
1-0868-5049,Base 6.8 Sphr Blank Ver AF,Base 6.8,Ver,AF,Revision VI20197
1-0868-5050,Base 6.8 Sphr Blank Smk AF,Base 6.8,Smk,AF,Revision VI20197
1-0868-5051,Base 6.8 Sphr Blank NG AF,Base 6.8,NG,AF,Revision VI20197
1-0868-5052,Base 6.8 Sphr Blank Clr AF US,Base 6.8,CLR UV380,AF,Revision VI20197
1-0868-5053,Base 6.8 Sphr Blank Clr AF Int'l,Base 6.8,CLR UV400,AF,Revision VI20197
1-0868-5057,Base 6.8 Sphr Blank GF-8 AF,Revision,GF-8,AF,Revision VI20197
1-0915-5000,AB Prime Blank Clr AF S/M,Air Boss Primary S/M,Clr Int'l,AF,Revision VI20197
1-0916-5000,AB Prime Blank Clr AF Lg/XL,Air Boss Primary Lg/XL,Clr Int'l,AF,Revision VI20197
1-1095-5001,RCH Facemask Blank Clr HC/AF,RCH Facemask Blank,Clr,AF,Revision VI20197
1-1170-5000,LION FFT Visor 4in Clr,Lion Visor 4in,Clr,HC,Revision VI20197
2-0043-5003,SF Lens Asm ANSI Lg PHC HC BNP,Saw Fly,PHC,HC,Revision VI20197
2-0043-5010,SF Lens Mold Asm ANSI Lg Clr HC CNP,Saw Fly,Clr,HC,Revision VI20197
2-0043-5011,SF Lens Mold Asm ANSI Lg Smk HC BNP,Saw Fly,Smk,HC,Revision VI20197
2-0044-5003,SF Lens Asm ANSI Rg PHC HC BNP,Saw Fly,PHC,HC,Revision VI20197
2-0044-5010,SF Lens Mold Asm ANSI Rg Clr HC CNP,Saw Fly,Clr,HC,Revision VI20197
2-0044-5011,SF Lens Mold Asm ANSI Rg Smk HC BNP,Saw Fly,Smk,HC,Revision VI20197
2-0044-5014,SF Lens Mold ASM ANSI Rg Ver HC BNP,Saw Fly,Ver,HC,Revision VI20197
2-0044-5015,SF Lens Mold Asm ANSI Rg Yel HC BNP,Saw Fly,Yel,HC,Revision VI20197
2-0044-5017,"SF Lens Asm ANSI Rg Smk HC BNP, PBE",Saw Fly,Smk,HC,Revision VI20197
2-0279-0100,BA Lens Pair Clr AF,BA Pair,Clr,AF,Taroko VV21312
2-0279-0101,BA Lens Pair Clr AF EN,BA Pair,Clr,AF,-
2-0279-0102,BA Lens Pair Clr HC/AF DC Nomk,BA Pair,Clr,AF,Jiann Lih VV21234
2-0279-0103,BA Lens Pair Clr HC/AF Nomk,BA Pair,Clr,AF,Taroko VV21312
2-0279-0107,BA Lens Pair Clr HC2/AFNK50,BA Pair,Clr,AF,Taroko VV21312
2-0279-0200,BA Lens Pair NG AF,BA Pair,NG,AF,-
2-0279-0201,BA Lens Pair NG AF EN,BA Pair,NG,AF,-
2-0279-0202,BA Lens Pair NG HC/AF DC Nomk,BA Pair,NG,AF,Jiann Lih VV21234
2-0279-0203,BA Lens Pair Smk HC/AF Nomk,BA Pair,Smk,AF,Taroko VV21312
2-0279-0207,BA Lens Pair NG HC2/AFNK50,BA Pair,NG,AF,Taroko VV21312
2-0279-0300,BA Lens Pair Yel AF,BA Pair,Yel,AF,Taroko VV21312
2-0279-0301,BA Lens Pair Yel AF EN,BA Pair,Yel,AF,-
2-0279-0307,BA Lens Pair Yel HC2/AFNK50,BA Pair,Yel,AF,Taroko VV21312
2-0279-0400,BA Lens Pair Ver AF,BA Pair,Ver,AF,-
2-0279-0401,BA Lens Pair Ver AF EN,BA Pair,Ver,AF,-
2-0279-0407,BA Lens Pair Ver HC2/AFNK50,BA Pair,Ver,AF,Taroko VV21312
2-0279-0500,BA Lens Pair Smk AF,BA Pair,Smk,AF,-
2-0279-5100,BA Lens Pair Clr AF ANSI-EN,BA Pair,Clr,AF,-
2-0279-5101,BA Lens Pair Clr ANSI,BA Pair,Clr,AF,-
2-0279-5200,BA Lens Pair NG AF ANSI-EN,BA Pair,NG,AF,-
2-0279-5300,BA Lens Pair Yel AF ANSI-EN,BA Pair,Yel,AF,-
2-0279-5501,BA Lens Pair Smk ANSI,BA Pair,Smk,AF,-
2-0453-0001,Alphawing SG Asm Plz,Alphawing ,PLZD,HC,LUXOL SRL VV21319
2-0453-0002,Alphawing SG Asm Silver Mirror,Alphawing ,Silv Mirror,HC,LUXOL SRL VV21319
2-0453-0003,Alphawing SG Asm Gradient Grey,Alphawing Gradient,Gray,HC,LUXOL SRL VV21319
2-0453-0004,Alphawing SG Asm Solar,Alphawing ,Solar,HC,LUXOL SRL VV21319
2-0490-0001,HF SG Asm Blk/Clr,Hell Fly,Clr,HC,-
2-0490-0002,HF SG Asm Blk/Smk,Hell Fly,Smk,HC,-
2-0490-0003,HF SG Asm Blk/Midnight Mirror,Hell Fly,Mid Mir,HC,-
2-0490-0004,HF SG Asm Blk/Y88 Blk-HCn,Hell Fly,Y88,HC,HWA Meei VV21759
2-0490-0005,HF SG Asm Taupe/Smk,Hell Fly,Smk,HC,HWA Meei VV21759
2-0490-0006,HF SG Asm Steel Blue/Smk,Hell Fly,Smk,HC,HWA Meei VV21759
2-0490-0007,HF SG Asm Silver/Ocean Mirror,Hell Fly,Omir,HC,HWA Meei VV21759
2-0490-0008,HF SG Asm White/Smk Mirror,Hell Fly,Smk Mir,HC,-
2-0490-0009,HF SG Asm Khaki/Flame Mirror,Hell Fly,Flm Mir,HC,HWA Meei VV21759
2-0490-0010,HF SG Asm FG/Smk,Hell Fly,Smk,HC,-
2-0490-0011,HF SG Asm FG/Clr,Hell Fly,Clr,HC,-
2-0490-0016-OS,HF SG Asm Blk/PHC,Hell Fly,PHC,HC,-
2-0490-0022,HF SG Asm Black/Flame Mirror,Hell Fly,Flm Mir,HC,-
2-0490-0024,HF SG Asm Blk/Plzd,Hell Fly,PLZD,HC,-
2-0490-0101,HF SG Asm Blk-OM/Smk,Hell Fly,Smk,HC,HWA Meei VV21759
2-0490-0102,HF SG Asm Blk-OM/Clr,Hell Fly,Clr,HC,HWA Meei VV21759
2-0490-0103,HF SG Asm Blk-OM/Midnight Mirror,Hell Fly,Mid Mir,HC,HWA Meei VV21759
2-0490-0104,HF SG Asm Blk-OM/Flame Mirror,Hell Fly,Flm Mir,HC,HWA Meei VV21759
2-0490-0111,HF SG Asm Blk/Clr Rx,Hell Fly,Clr,HC,Lenco VV20129
2-0490-0111-OS,HF SG Asm Blk/Clr Rx,Hell Fly,Clr,HC,Lenco VV20129
2-0490-0112,HF SG Asm Blk/Smk Rx,Hell Fly,Smk,HC,Lenco VV20129
2-0490-0112-OS,HF SG Asm Blk/Smk Rx,Hell Fly,Smk,HC,Lenco VV20129
2-0490-0113,HF SG Asm Blk/Mid Mir Rx,Hell Fly,Mid Mir,HC,Lenco VV20129
2-0490-0113-OS,HF SG Asm Blk/Mid Mir Rx,Hell Fly,Mid Mir,HC,Lenco VV20129
2-0490-0114,HF SG Asm Blk/Y88 Blk-HCn Rx,Hell Fly,Y88,HC,Lenco VV20129
2-0490-0114-OS,HF SG Asm Blk/Y88 Blk-HCn Rx,Hell Fly,Y88,HC,Lenco VV20129
2-0490-0115,HF SG Asm Taupe/Smk Rx,Hell Fly,Smk,HC,Lenco VV20129
2-0490-0115-OS,HF SG Asm Taupe/Smk Rx,Hell Fly,Smk,HC,Lenco VV20129
2-0490-0116,HF SG Asm Steel Blue/Smk Rx,Hell Fly,Smk,HC,Lenco VV20129
2-0490-0116-OS,HF SG Asm Steel Blue/Smk Rx,Hell Fly,Smk,HC,Lenco VV20129
2-0490-0117,HF SG Asm Silver/Omir Rx,Hell Fly,Omir,HC,-
2-0490-0117-OS,HF SG Asm Silver/Omir Rx,Hell Fly,Omir,HC,-
2-0490-0118,HF SG Asm White/Smk Mirror Rx,Hell Fly,Smk Mir,HC,-
2-0490-0118-OS,HF SG Asm White/Smk Mirror Rx,Hell Fly,Smk Mir,HC,-
2-0490-0119,HF SG Asm Khaki/Flm Mir Rx,Hell Fly,Flm Mir,HC,Lenco VV20129
2-0490-0119-OS,HF SG Asm Khaki/Flm Mir Rx,Hell Fly,Flm Mir,HC,Lenco VV20129
2-0490-0210,HF SG Asm FG/Smk Rx,Hell Fly,Smk  ,HC,-
2-0490-0210-OS,HF SG Asm FG/Smk Rx,Hell Fly,Smk  ,HC,-
2-0490-0211,HF SG Asm FG/Clr Rx,Hell Fly,Clr,HC,-
2-0490-0211-OS,HF SG Asm FG/Clr Rx,Hell Fly,Clr,HC,-
2-0490-0216,HF SG Asm Blk/PHC Rx,Hell Fly,PHC,HC,Lenco VV20129
2-0490-0216-OS,HF SG Asm Blk/PHC Rx,Hell Fly,PHC,HC,Lenco VV20129
2-0490-0217,HF SG Asm Blk/Plzd Rx,Hell Fly,PLZD,HC,Lenco VV20129
2-0490-0217-OS,HF SG Asm Blk/Plzd Rx,Hell Fly,PLZD,HC,Lenco VV20129
2-0490-0222,HF SG Asm Black/Flm Mir Rx,Hell Fly,Flm Mir,HC,Lenco VV20129
2-0490-0222-OS,HF SG Asm Black/Flm Mir Rx,Hell Fly,Flm Mir,HC,Lenco VV20129
2-0490-9001,HF SG Asm Blk/Plzd,Hell Fly,PLZD,HC,HWA Meei VV21759
2-0490-9001-OS,HF SG Asm Blk/Plzd,Hell Fly,PLZD,HC,Pech VV21320
2-0490-9002,HF SG Asm Blk/PHC,Hell Fly,PHC,HC,Pech VV21320
2-0490-9002-OS,HF SG Asm Blk/PHC,Hell Fly,PHC,HC,Pech VV21320
2-0491-0001,HF SG Asm Blk No Lenses,Hell Fly,-,-,-
2-0491-0101,HF SG Asm Blk-OM No Lenses,Hell Fly,-,-,Focus Systems
2-0496-0003,Deltawing SG Asm Plz,Deltawing,PLZD,HC,LUXOL SRL VV21319
2-0496-0004,Deltawing SG Asm Solar,Deltawing,Solar,HC,LUXOL SRL VV21319
2-0749-9001,Rx OLC Carrier + Lenses Fulfilled,RX OLC,Clr,-,Pech VV21320
2-0749-9001-OS,Rx OLC Carrier + Lenses Fulfilled,RX OLC,Clr,-,Pech VV21320
1-0025-5002,104 Visor Clr HC/Af,104,Clr,AF,Revision
1-0725-5073,Base 6 Sphr Blank Ver UV400 HC,Base 6.0,Ver,HC,Revision VI20197
1-0916-5001,AB Prime Smk L/XL AF,AB Prime,Smk,AF,Revision VI20197
1-0725-5070,Base 6.0 Clr Int'l HC,Base 6.0,CLR UV400,HC,Revision VI20197
1-0725-5041,Base 6.0 V6-10 HC,Base 6.0,V6-10,HC,Revision VI20197
1-0026-5002,Toroidal Blank Visor Lg/XL #109,#109 Toroidal Blank,Clr,AF,Revision VI20197
1-0725-5054,Base 6.0 Sphr Sng,Base 6.0 ,Smk,AF,Revision VI20198
1-0868-5054,Base 6.8 Sphr Sng,Base 6.8,Smk,AF,Revision VI20198
